URL,Last crawled
https://lawncarekuna.com/star/sprinkler-repair-location-1city-name/,2025-11-17
https://lawncarekuna.com/snow-removal-2/,2025-11-17
https://lawncarekuna.com/fertilization-and-weed-control/,2025-11-17
https://lawncarekuna.com/christmas-light-installation/,2025-11-16
https://lawncarekuna.com/kuna/,2025-11-16
https://lawncarekuna.com/middleton/hedge-trimming-location-1city-name/,2025-11-15
https://lawncarekuna.com/eagle/leaf-removal-location-1city-name/,2025-11-15
https://lawncarekuna.com/lawn-mowing/,2025-11-14
https://lawncarekuna.com/lawn-care-services/,2025-11-14
https://lawncarekuna.com/,2025-11-14
https://lawncarekuna.com/lawn-fertilization/,2025-11-14
https://lawncarekuna.com/garden-city/shrub-trimming-location-1city-name/,2025-11-14
https://lawncarekuna.com/meridian/shrub-trimming-location-1city-name/,2025-11-14
https://lawncarekuna.com/eagle/shrub-trimming-location-1city-name/,2025-11-14
https://lawncarekuna.com/middleton/weekly-lawn-maintenance-location-1city-name/,2025-11-14
https://lawncarekuna.com/middleton/sprinkler-repair-location-1city-name/,2025-11-14
https://lawncarekuna.com/boise/snow-plowing-location-1city-name/,2025-11-14
https://lawncarekuna.com/garden-city/weekly-lawn-maintenance-location-1city-name/,2025-11-14
https://lawncarekuna.com/caldwell/thatching-location-1city-name/,2025-11-14
https://lawncarekuna.com/christmas-lights-installation/,2025-11-13
https://lawncarekuna.com/kuna/hedge-trimming-location-1city-name/,2025-11-13
https://lawncarekuna.com/leaf-removal-2/,2025-11-13
https://lawncarekuna.com/caldwell/,2025-11-12
https://lawncarekuna.com/meridian/thatching-location-1city-name/,2025-11-12
https://lawncarekuna.com/meridian/lawn-mowing-and-trimming-location-1city-name/,2025-11-11
https://lawncarekuna.com/kuna/sprinkler-blowouts-location-1city-name/,2025-11-11
https://lawncarekuna.com/meridian/spring-cleanup-location-1city-name/,2025-11-11
https://lawncarekuna.com/garden-city/sprinkler-repair-location-1city-name/,2025-11-11
https://lawncarekuna.com/caldwell/shrub-trimming-location-1city-name/,2025-11-11
https://lawncarekuna.com/middleton/snow-removal-location-1city-name/,2025-11-11
https://lawncarekuna.com/middleton/shrub-trimming-location-1city-name/,2025-11-11
https://lawncarekuna.com/garden-city/fall-cleanup-location-1city-name/,2025-11-11
https://lawncarekuna.com/meridian/weekly-lawn-maintenance-location-1city-name/,2025-11-11
https://lawncarekuna.com/boise/fall-cleanup-location-1city-name/,2025-11-11
https://lawncarekuna.com/meridian/fall-cleanup-location-1city-name/,2025-11-11
https://lawncarekuna.com/lawn-aeration/,2025-11-09
https://lawncarekuna.com/middleton/snow-plowing-location-1city-name/,2025-11-09
https://lawncarekuna.com/thatching/,2025-11-08
https://lawncarekuna.com/meridian/sprinkler-repair-location-1city-name/,2025-11-08
https://lawncarekuna.com/caldwell/hedge-trimming-location-1city-name/,2025-11-08
https://lawncarekuna.com/garden-city/christmas-light-installation-location-1city-name/,2025-11-08
https://lawncarekuna.com/nampa/fertilization-and-weed-control-location-1city-name/,2025-11-08
https://lawncarekuna.com/star/leaf-removal-location-1city-name/,2025-11-08
https://lawncarekuna.com/nampa/leaf-removal-location-1city-name/,2025-11-08
https://lawncarekuna.com/star/sprinkler-blowouts-location-1city-name/,2025-11-08
https://lawncarekuna.com/garden-city/lawn-aeration-location-1city-name/,2025-11-08
https://lawncarekuna.com/eagle/lawn-mowing-and-trimming-location-1city-name/,2025-11-08
https://lawncarekuna.com/eagle/sprinkler-repair-location-1city-name/,2025-11-08
https://lawncarekuna.com/eagle/fall-cleanup-location-1city-name/,2025-11-08
https://lawncarekuna.com/kuna/weekly-lawn-maintenance-location-1city-name/,2025-11-08
https://lawncarekuna.com/middleton/christmas-light-installation-location-1city-name/,2025-11-08
https://lawncarekuna.com/middleton/fertilization-and-weed-control-location-1city-name/,2025-11-08
https://lawncarekuna.com/star/,2025-11-08
https://lawncarekuna.com/nampa/hedge-trimming-location-1city-name/,2025-11-08
https://lawncarekuna.com/nampa/spring-cleanup-location-1city-name/,2025-11-08
https://lawncarekuna.com/kuna/fertilization-and-weed-control-location-1city-name/,2025-11-08
https://lawncarekuna.com/boise/thatching-location-1city-name/,2025-11-08
https://lawncarekuna.com/boise/shrub-trimming-location-1city-name/,2025-11-08
https://lawncarekuna.com/sprinkler-blowouts/,2025-11-07
https://lawncarekuna.com/kuna/lawn-aeration-location-1city-name/,2025-11-04
https://lawncarekuna.com/boise/hedge-trimming-location-1city-name/,2025-11-04
https://lawncarekuna.com/meridian/snow-plowing-location-1city-name/,2025-11-04
https://lawncarekuna.com/star/spring-cleanup-location-1city-name/,2025-11-04
https://lawncarekuna.com/caldwell/snow-plowing-location-1city-name/,2025-11-04
https://lawncarekuna.com/caldwell/weekly-lawn-maintenance-location-1city-name/,2025-11-04
https://lawncarekuna.com/kuna/shrub-trimming-location-1city-name/,2025-11-04
https://lawncarekuna.com/boise/leaf-removal-location-1city-name/,2025-11-04
https://lawncarekuna.com/service-quote/,2025-11-04
https://lawncarekuna.com/star/fall-cleanup-location-1city-name/,2025-11-04
https://lawncarekuna.com/boise/snow-removal-location-1city-name/,2025-11-03
https://lawncarekuna.com/boise/christmas-light-installation-location-1city-name/,2025-11-03
https://lawncarekuna.com/meridian/christmas-light-installation-location-1city-name/,2025-11-03
https://lawncarekuna.com/nampa/christmas-light-installation-location-1city-name/,2025-11-03
https://lawncarekuna.com/nampa/,2025-11-02
https://lawncarekuna.com/meridian/hedge-trimming-location-1city-name/,2025-11-02
https://lawncarekuna.com/spring-cleanup/,2025-11-02
https://lawncarekuna.com/nampa/snow-removal-location-1city-name/,2025-11-02
https://lawncarekuna.com/kuna/leaf-removal-location-1city-name/,2025-11-02
https://lawncarekuna.com/garden-city/snow-plowing-location-1city-name/,2025-11-02
https://lawncarekuna.com/eagle/snow-plowing-location-1city-name/,2025-11-02
https://lawncarekuna.com/eagle/lawn-aeration-location-1city-name/,2025-11-02
https://lawncarekuna.com/nampa/weekly-lawn-maintenance-location-1city-name/,2025-11-02
https://lawncarekuna.com/caldwell/lawn-aeration-location-1city-name/,2025-11-02
https://lawncarekuna.com/star/lawn-aeration-location-1city-name/,2025-11-02
https://lawncarekuna.com/garden-city/sprinkler-blowouts-location-1city-name/,2025-11-02
https://lawncarekuna.com/sprinkler-blowouts-2/,2025-11-02
https://lawncarekuna.com/caldwell/fertilization-and-weed-control-location-1city-name/,2025-11-01
https://lawncarekuna.com/middleton/thatching-location-1city-name/,2025-11-01
https://lawncarekuna.com/nampa/snow-plowing-location-1city-name/,2025-11-01
https://lawncarekuna.com/garden-city/spring-cleanup-location-1city-name/,2025-11-01
https://lawncarekuna.com/middleton/fall-cleanup-location-1city-name/,2025-11-01
https://lawncarekuna.com/snow-plowing/,2025-11-01
https://lawncarekuna.com/star/thatching-location-1city-name/,2025-11-01
https://lawncarekuna.com/nampa/sprinkler-repair-location-1city-name/,2025-11-01
https://lawncarekuna.com/caldwell/leaf-removal-location-1city-name/,2025-10-31
https://lawncarekuna.com/caldwell/christmas-light-installation-location-1city-name/,2025-10-31
https://lawncarekuna.com/boise/fertilization-and-weed-control-location-1city-name/,2025-10-31
https://lawncarekuna.com/eagle/weekly-lawn-maintenance-location-1city-name/,2025-10-31
https://lawncarekuna.com/eagle/hedge-trimming-location-1city-name/,2025-10-31
https://lawncarekuna.com/nampa/thatching-location-1city-name/,2025-10-31
https://lawncarekuna.com/boise/weekly-lawn-maintenance-location-1city-name/,2025-10-31
https://lawncarekuna.com/kuna/christmas-light-installation-location-1city-name/,2025-10-31
https://lawncarekuna.com/garden-city/fertilization-and-weed-control-location-1city-name/,2025-10-31
https://lawncarekuna.com/garden-city/leaf-removal-location-1city-name/,2025-10-31
https://lawncarekuna.com/middleton/,2025-10-31
https://lawncarekuna.com/kuna/spring-cleanup-location-1city-name/,2025-10-31
https://lawncarekuna.com/garden-city/snow-removal-location-1city-name/,2025-10-30
https://lawncarekuna.com/middleton/sprinkler-blowouts-location-1city-name/,2025-10-30
https://lawncarekuna.com/nampa/sprinkler-blowouts-location-1city-name/,2025-10-30
https://lawncarekuna.com/star/weekly-lawn-maintenance-location-1city-name/,2025-10-30
https://lawncarekuna.com/meridian/fertilization-and-weed-control-location-1city-name/,2025-10-29
https://lawncarekuna.com/caldwell/sprinkler-blowouts-location-1city-name/,2025-10-29
https://lawncarekuna.com/star/lawn-mowing-and-trimming-location-1city-name/,2025-10-28
https://lawncarekuna.com/eagle/christmas-light-installation-location-1city-name/,2025-10-28
https://lawncarekuna.com/sprinkler-repair/,2025-10-28
https://lawncarekuna.com/boise/,2025-10-28
https://lawncarekuna.com/kuna/snow-removal-location-1city-name/,2025-10-28
https://lawncarekuna.com/shrub-trimming/,2025-10-28
https://lawncarekuna.com/hedge-trimming-2/,2025-10-28
https://lawncarekuna.com/meridian/,2025-10-28
https://lawncarekuna.com/boise/lawn-mowing-and-trimming-location-1city-name/,2025-10-28
https://lawncarekuna.com/boise/sprinkler-repair-location-1city-name/,2025-10-28
https://lawncarekuna.com/caldwell/lawn-mowing-and-trimming-location-1city-name/,2025-10-28
https://lawncarekuna.com/star/hedge-trimming-location-1city-name/,2025-10-28
https://lawncarekuna.com/eagle/snow-removal-location-1city-name/,2025-10-28
https://lawncarekuna.com/boise/lawn-aeration-location-1city-name/,2025-10-28
https://lawncarekuna.com/caldwell/fall-cleanup-location-1city-name/,2025-10-28
https://lawncarekuna.com/kuna/sprinkler-repair-location-1city-name/,2025-10-28
https://lawncarekuna.com/star/christmas-light-installation-location-1city-name/,2025-10-28
https://lawncarekuna.com/boise/spring-cleanup-location-1city-name/,2025-10-28
https://lawncarekuna.com/caldwell/snow-removal-location-1city-name/,2025-10-28
https://lawncarekuna.com/caldwell/spring-cleanup-location-1city-name/,2025-10-28
https://lawncarekuna.com/kuna/lawn-mowing-and-trimming-location-1city-name/,2025-10-28
https://lawncarekuna.com/eagle/spring-cleanup-location-1city-name/,2025-10-28
https://lawncarekuna.com/eagle/,2025-10-28
https://lawncarekuna.com/middleton/lawn-mowing-and-trimming-location-1city-name/,2025-10-28
https://lawncarekuna.com/nampa/lawn-mowing-and-trimming-location-1city-name/,2025-10-28
https://lawncarekuna.com/garden-city/hedge-trimming-location-1city-name/,2025-10-28
https://lawncarekuna.com/nampa/lawn-aeration-location-1city-name/,2025-10-28
https://lawncarekuna.com/kuna/snow-plowing-location-1city-name/,2025-10-28
https://lawncarekuna.com/middleton/lawn-aeration-location-1city-name/,2025-10-28
https://lawncarekuna.com/star/fertilization-and-weed-control-location-1city-name/,2025-10-28
https://lawncarekuna.com/star/snow-removal-location-1city-name/,2025-10-28
https://lawncarekuna.com/eagle/sprinkler-blowouts-location-1city-name/,2025-10-28
https://lawncarekuna.com/snow-removal/,2025-10-28
https://lawncarekuna.com/meridian/snow-removal-location-1city-name/,2025-10-28
https://lawncarekuna.com/kuna/fall-cleanup-location-1city-name/,2025-10-28
https://lawncarekuna.com/meridian/sprinkler-blowouts-location-1city-name/,2025-10-28
https://lawncarekuna.com/leaf-removal/,2025-10-25
https://lawncarekuna.com/kuna/thatching-location-1city-name/,2025-10-25
https://lawncarekuna.com/weekly-lawn-maintenance/,2025-10-24
https://lawncarekuna.com/lawn-aeration-2/,2025-10-24
https://lawncarekuna.com/boise/sprinkler-blowouts-location-1city-name/,2025-10-20
https://lawncarekuna.com/fall-cleanup/,2025-10-20
https://lawncarekuna.com/garden-city/,2025-10-19
https://lawncarekuna.com/garden-city/thatching-location-1city-name/,2025-10-18
https://lawncarekuna.com/meridian/lawn-aeration-location-1city-name/,2025-10-18
https://lawncarekuna.com/eagle/fertilization-and-weed-control-location-1city-name/,2025-10-18
https://lawncarekuna.com/meridian/leaf-removal-location-1city-name/,2025-10-18
https://lawncarekuna.com/caldwell/sprinkler-repair-location-1city-name/,2025-10-17
https://lawncarekuna.com/middleton/spring-cleanup-location-1city-name/,2025-10-16
https://lawncarekuna.com/star/snow-plowing-location-1city-name/,2025-10-14
https://lawncarekuna.com/nampa/fall-cleanup-location-1city-name/,2025-10-14
https://lawncarekuna.com/star/shrub-trimming-location-1city-name/,2025-10-12
https://lawncarekuna.com/garden-city/lawn-mowing-and-trimming-location-1city-name/,2025-10-12
https://lawncarekuna.com/middleton/leaf-removal-location-1city-name/,2025-10-09
https://lawncarekuna.com/lawn-mowing-and-trimming/,2025-09-27
https://lawncarekuna.com/nampa/shrub-trimming-location-1city-name/,2025-09-26
https://lawncarekuna.com/eagle/thatching-location-1city-name/,2025-09-21
https://lawncarekuna.com/sprinkler-blowouts-3/,2025-08-18